[{"maHD":"\"110120240401\"","maKH":"1101","giaTien":1000000.0,"ngayThanhToan":"07-09-2024"},{"maHD":"null","maKH":"null","giaTien":0.0},{"maHD":"null","maKH":"null","giaTien":0.0},{"maHD":"null","maKH":"null","giaTien":0.0},{"maHD":"\"100520260604\"","maKH":"1005","giaTien":600000.0,"ngayThanhToan":"04-06-2026"},{"maHD":"null","maKH":"null","giaTien":0.0},{"maHD":"null","maKH":"null","giaTien":0.0},{"maHD":"null","maKH":"null","giaTien":0.0},{"maHD":"\"110920240806\"","maKH":"1109","giaTien":2000000.0,"ngayThanhToan":"06-08-2024"},{"maHD":"\"110020241015\"","maKH":"1100","giaTien":1000000.0,"ngayThanhToan":"15-10-2024"},{"maHD":"\"120120240809\"","maKH":"1201","giaTien":400000.0,"ngayThanhToan":"09-08-2024"},{"maHD":"null","maKH":"null","giaTien":0.0},{"maHD":"null","maKH":"null","giaTien":0.0},{"maHD":"null","maKH":"null","giaTien":0.0},{"maHD":"null","maKH":"null","giaTien":0.0},{"maHD":"null","maKH":"null","giaTien":0.0},{"maHD":"null","maKH":"null","giaTien":0.0},{"maHD":"null","maKH":"null","giaTien":0.0},{"maHD":"null","maKH":"null","giaTien":0.0},{"maHD":"null","maKH":"null","giaTien":0.0},{"maHD":"null","maKH":"null","giaTien":0.0},{"maHD":"null","maKH":"null","giaTien":0.0},{"maHD":"null","maKH":"null","giaTien":0.0},{"maHD":"null","maKH":"null","giaTien":0.0},{"maHD":"null","maKH":"null","giaTien":0.0},{"maHD":"null","maKH":"null","giaTien":0.0},{"maHD":"null","maKH":"null","giaTien":0.0},{"maHD":"\"130820200806\"","maKH":"1308","giaTien":900000.0,"ngayThanhToan":"06-08-2020"},{"maHD":"null","maKH":"null","giaTien":0.0},{"maHD":"null","maKH":"null","giaTien":0.0},{"maHD":"null","maKH":"null","giaTien":0.0},{"maHD":"null","maKH":"null","giaTien":0.0},{"maHD":"null","maKH":"null","giaTien":0.0},{"maHD":"null","maKH":"null","giaTien":0.0},{"maHD":"null","maKH":"null","giaTien":0.0},{"maHD":"null","maKH":"null","giaTien":0.0},{"maHD":"null","maKH":"null","giaTien":0.0},{"maHD":"null","maKH":"null","giaTien":0.0},{"maHD":"null","maKH":"null","giaTien":0.0},{"maHD":"null","maKH":"null","giaTien":0.0},{"maHD":"null","maKH":"null","giaTien":0.0},{"maHD":"null","maKH":"null","giaTien":0.0},{"maHD":"\"150320200810\"","maKH":"1503","giaTien":1600000.0,"ngayThanhToan":"10-08-2020"},{"maHD":"null","maKH":"null","giaTien":0.0},{"maHD":"null","maKH":"null","giaTien":0.0},{"maHD":"null","maKH":"null","giaTien":0.0},{"maHD":"null","maKH":"null","giaTien":0.0},{"maHD":"null","maKH":"null","giaTien":0.0},{"maHD":"null","maKH":"null","giaTien":0.0},{"maHD":"null","maKH":"null","giaTien":0.0}]