[{"maKH":"1101","sdt":"\"13165165\"","diaChi":"30Hanoi","ten":"abcd "},{"maKH":"null","sdt":"null","diaChi":"null","ten":"null"},{"maKH":"null","sdt":"null","diaChi":"null","ten":"null"},{"maKH":"null","sdt":"null","diaChi":"null","ten":"null"},{"maKH":"1005","sdt":"\"31235665\"","diaChi":"HN","ten":"ghe"},{"maKH":"null","sdt":"null","diaChi":"null","ten":"null"},{"maKH":"null","sdt":"null","diaChi":"null","ten":"null"},{"maKH":"null","sdt":"null","diaChi":"null","ten":"null"},{"maKH":"1109","sdt":"\"123546\"","diaChi":"tpHcm","ten":"nguyen van x"},{"maKH":"1100","sdt":"\"123456\"","diaChi":"hanoi","ten":"knight"},{"maKH":"1201","sdt":"\"165462\"","diaChi":"36ThanhHoa","ten":"nguyen van c"},{"maKH":"null","sdt":"null","diaChi":"null","ten":"null"},{"maKH":"null","sdt":"null","diaChi":"null","ten":"null"},{"maKH":"null","sdt":"null","diaChi":"null","ten":"null"},{"maKH":"null","sdt":"null","diaChi":"null","ten":"null"},{"maKH":"null","sdt":"null","diaChi":"null","ten":"null"},{"maKH":"null","sdt":"null","diaChi":"null","ten":"null"},{"maKH":"null","sdt":"null","diaChi":"null","ten":"null"},{"maKH":"null","sdt":"null","diaChi":"null","ten":"null"},{"maKH":"null","sdt":"null","diaChi":"null","ten":"null"},{"maKH":"null","sdt":"null","diaChi":"null","ten":"null"},{"maKH":"null","sdt":"null","diaChi":"null","ten":"null"},{"maKH":"null","sdt":"null","diaChi":"null","ten":"null"},{"maKH":"null","sdt":"null","diaChi":"null","ten":"null"},{"maKH":"null","sdt":"null","diaChi":"null","ten":"null"},{"maKH":"null","sdt":"null","diaChi":"null","ten":"null"},{"maKH":"null","sdt":"null","diaChi":"null","ten":"null"},{"maKH":"1308","sdt":"\"16356156\"","diaChi":"halong","ten":"kasndnao"},{"maKH":"null","sdt":"null","diaChi":"null","ten":"null"},{"maKH":"null","sdt":"null","diaChi":"null","ten":"null"},{"maKH":"null","sdt":"null","diaChi":"null","ten":"null"},{"maKH":"null","sdt":"null","diaChi":"null","ten":"null"},{"maKH":"null","sdt":"null","diaChi":"null","ten":"null"},{"maKH":"null","sdt":"null","diaChi":"null","ten":"null"},{"maKH":"null","sdt":"null","diaChi":"null","ten":"null"},{"maKH":"null","sdt":"null","diaChi":"null","ten":"null"},{"maKH":"null","sdt":"null","diaChi":"null","ten":"null"},{"maKH":"null","sdt":"null","diaChi":"null","ten":"null"},{"maKH":"null","sdt":"null","diaChi":"null","ten":"null"},{"maKH":"null","sdt":"null","diaChi":"null","ten":"null"},{"maKH":"null","sdt":"null","diaChi":"null","ten":"null"},{"maKH":"null","sdt":"null","diaChi":"null","ten":"null"},{"maKH":"1503","sdt":"\"131566516\"","diaChi":"29Hanoi","ten":"nguyen van b"},{"maKH":"null","sdt":"null","diaChi":"null","ten":"null"},{"maKH":"null","sdt":"null","diaChi":"null","ten":"null"},{"maKH":"null","sdt":"null","diaChi":"null","ten":"null"},{"maKH":"null","sdt":"null","diaChi":"null","ten":"null"},{"maKH":"null","sdt":"null","diaChi":"null","ten":"null"},{"maKH":"null","sdt":"null","diaChi":"null","ten":"null"},{"maKH":"null","sdt":"null","diaChi":"null","ten":"null"}]