[{"maP":"101","Khach_hang":{"maKH":"1101","sdt":"13165165","diaChi":"30Hanoi","ten":"abcd ","Hoa_don":{"maHD":"110120240401","maKH":"1101","giaTien":-400000.0,"ngayThanhToan":"01-04-2024"}},"tang":1,"giaPhong":200000.0,"ngayDatPhong":"02-09-2024","ngayTraPhong":"07-09-2024","trangThai":"da dat truoc","sucChua":2},{"maP":"102","Khach_hang":{"Hoa_don":{"giaTien":0.0}},"tang":1,"giaPhong":300000.0,"ngayTraPhong":"30-04-2024","trangThai":"dang su dung","sucChua":3},{"maP":"103","Khach_hang":{"Hoa_don":{"giaTien":0.0}},"tang":1,"giaPhong":400000.0,"trangThai":"trong","sucChua":4},{"maP":"104","Khach_hang":{"Hoa_don":{"giaTien":0.0}},"tang":1,"giaPhong":200000.0,"trangThai":"trong","sucChua":2},{"maP":"105","Khach_hang":{"maKH":"1005","sdt":"31235665","diaChi":"HN","ten":"ghe","Hoa_don":{"maHD":"100520260604","maKH":"1005","giaTien":600000.0,"ngayThanhToan":"04-06-2026"}},"tang":1,"giaPhong":300000.0,"ngayDatPhong":"02-04-2024","ngayTraPhong":"04-06-2026","trangThai":"dang su dung","sucChua":3},{"maP":"106","Khach_hang":{"Hoa_don":{"giaTien":0.0}},"tang":1,"giaPhong":400000.0,"trangThai":"trong","sucChua":4},{"maP":"107","Khach_hang":{"Hoa_don":{"giaTien":0.0}},"tang":1,"giaPhong":200000.0,"trangThai":"trong","sucChua":2},{"maP":"108","Khach_hang":{"Hoa_don":{"giaTien":0.0}},"tang":1,"giaPhong":300000.0,"trangThai":"trong","sucChua":3},{"maP":"109","Khach_hang":{"maKH":"1109","sdt":"123546","diaChi":"tpHcm","ten":"nguyen van x","Hoa_don":{"maHD":"110920240806","maKH":"1109","giaTien":2000000.0,"ngayThanhToan":"06-08-2024"}},"tang":1,"giaPhong":400000.0,"ngayDatPhong":"01-08-2024","ngayTraPhong":"06-08-2024","trangThai":"da dat truoc","sucChua":4},{"maP":"110","Khach_hang":{"maKH":"1100","sdt":"123456","diaChi":"hanoi","ten":"knight","Hoa_don":{"maHD":"110020241015","maKH":"1100","giaTien":1000000.0,"ngayThanhToan":"15-10-2024"}},"tang":1,"giaPhong":200000.0,"ngayDatPhong":"10-10-2024","ngayTraPhong":"15-10-2024","trangThai":"da dat truoc","sucChua":2},{"maP":"201","Khach_hang":{"maKH":"1201","sdt":"165462","diaChi":"36ThanhHoa","ten":"nguyen van c","Hoa_don":{"maHD":"120120240809","maKH":"1201","giaTien":400000.0,"ngayThanhToan":"09-08-2024"}},"tang":2,"giaPhong":200000.0,"ngayDatPhong":"07-08-2024","ngayTraPhong":"09-08-2024","trangThai":"da dat truoc","sucChua":2},{"maP":"202","Khach_hang":{"Hoa_don":{"giaTien":0.0}},"tang":2,"giaPhong":300000.0,"trangThai":"trong","sucChua":3},{"maP":"203","Khach_hang":{"Hoa_don":{"giaTien":0.0}},"tang":2,"giaPhong":400000.0,"trangThai":"da dat truoc","sucChua":4},{"maP":"204","Khach_hang":{"Hoa_don":{"giaTien":0.0}},"tang":2,"giaPhong":200000.0,"trangThai":"trong","sucChua":2},{"maP":"205","Khach_hang":{"Hoa_don":{"giaTien":0.0}},"tang":2,"giaPhong":300000.0,"trangThai":"trong","sucChua":3},{"maP":"206","Khach_hang":{"Hoa_don":{"giaTien":0.0}},"tang":2,"giaPhong":400000.0,"trangThai":"trong","sucChua":4},{"maP":"207","Khach_hang":{"Hoa_don":{"giaTien":0.0}},"tang":2,"giaPhong":200000.0,"trangThai":"trong","sucChua":2},{"maP":"208","Khach_hang":{"Hoa_don":{"giaTien":0.0}},"tang":2,"giaPhong":300000.0,"trangThai":"trong","sucChua":3},{"maP":"209","Khach_hang":{"Hoa_don":{"giaTien":0.0}},"tang":2,"giaPhong":400000.0,"trangThai":"trong","sucChua":4},{"maP":"210","Khach_hang":{"Hoa_don":{"giaTien":0.0}},"tang":2,"giaPhong":200000.0,"trangThai":"trong","sucChua":2},{"maP":"301","Khach_hang":{"Hoa_don":{"giaTien":0.0}},"tang":3,"giaPhong":200000.0,"trangThai":"trong","sucChua":2},{"maP":"302","Khach_hang":{"Hoa_don":{"giaTien":0.0}},"tang":3,"giaPhong":300000.0,"trangThai":"trong","sucChua":3},{"maP":"303","Khach_hang":{"Hoa_don":{"giaTien":0.0}},"tang":3,"giaPhong":400000.0,"trangThai":"trong","sucChua":4},{"maP":"304","Khach_hang":{"Hoa_don":{"giaTien":0.0}},"tang":3,"giaPhong":200000.0,"ngayDatPhong":"22-12-2024","trangThai":"trong","sucChua":2},{"maP":"305","Khach_hang":{"Hoa_don":{"giaTien":0.0}},"tang":3,"giaPhong":300000.0,"trangThai":"trong","sucChua":3},{"maP":"306","Khach_hang":{"Hoa_don":{"giaTien":0.0}},"tang":3,"giaPhong":400000.0,"trangThai":"trong","sucChua":4},{"maP":"307","Khach_hang":{"Hoa_don":{"giaTien":0.0}},"tang":3,"giaPhong":200000.0,"trangThai":"trong","sucChua":2},{"maP":"308","Khach_hang":{"maKH":"1308","sdt":"16356156","diaChi":"halong","ten":"kasndnao","Hoa_don":{"maHD":"130820200806","maKH":"1308","giaTien":900000.0,"ngayThanhToan":"06-08-2020"}},"tang":3,"giaPhong":300000.0,"ngayDatPhong":"03-08-2020","ngayTraPhong":"06-08-2020","trangThai":"da dat truoc","sucChua":3},{"maP":"309","Khach_hang":{"Hoa_don":{"giaTien":0.0}},"tang":3,"giaPhong":400000.0,"trangThai":"trong","sucChua":4},{"maP":"310","Khach_hang":{"Hoa_don":{"giaTien":0.0}},"tang":3,"giaPhong":200000.0,"trangThai":"trong","sucChua":2},{"maP":"401","Khach_hang":{"Hoa_don":{"giaTien":0.0}},"tang":4,"giaPhong":200000.0,"trangThai":"trong","sucChua":2},{"maP":"402","Khach_hang":{"Hoa_don":{"giaTien":0.0}},"tang":4,"giaPhong":300000.0,"trangThai":"trong","sucChua":3},{"maP":"403","Khach_hang":{"Hoa_don":{"giaTien":0.0}},"tang":4,"giaPhong":400000.0,"trangThai":"trong","sucChua":4},{"maP":"404","Khach_hang":{"Hoa_don":{"giaTien":0.0}},"tang":4,"giaPhong":200000.0,"trangThai":"trong","sucChua":2},{"maP":"405","Khach_hang":{"Hoa_don":{"giaTien":0.0}},"tang":4,"giaPhong":300000.0,"trangThai":"trong","sucChua":3},{"maP":"406","Khach_hang":{"Hoa_don":{"giaTien":0.0}},"tang":4,"giaPhong":400000.0,"trangThai":"trong","sucChua":4},{"maP":"407","Khach_hang":{"Hoa_don":{"giaTien":0.0}},"tang":4,"giaPhong":200000.0,"trangThai":"trong","sucChua":2},{"maP":"408","Khach_hang":{"Hoa_don":{"giaTien":0.0}},"tang":4,"giaPhong":300000.0,"trangThai":"trong","sucChua":3},{"maP":"409","Khach_hang":{"Hoa_don":{"giaTien":0.0}},"tang":4,"giaPhong":400000.0,"trangThai":"trong","sucChua":4},{"maP":"410","Khach_hang":{"Hoa_don":{"giaTien":0.0}},"tang":4,"giaPhong":200000.0,"trangThai":"trong","sucChua":2},{"maP":"501","Khach_hang":{"Hoa_don":{"giaTien":0.0}},"tang":5,"giaPhong":200000.0,"trangThai":"trong","sucChua":2},{"maP":"502","Khach_hang":{"Hoa_don":{"giaTien":0.0}},"tang":5,"giaPhong":300000.0,"trangThai":"trong","sucChua":3},{"maP":"503","Khach_hang":{"maKH":"1503","sdt":"131566516","diaChi":"29Hanoi","ten":"nguyen van b","Hoa_don":{"maHD":"150320200810","maKH":"1503","giaTien":1600000.0,"ngayThanhToan":"10-08-2020"}},"tang":5,"giaPhong":400000.0,"ngayDatPhong":"06-08-2020","ngayTraPhong":"10-08-2020","trangThai":"da dat truoc","sucChua":4},{"maP":"504","Khach_hang":{"Hoa_don":{"giaTien":0.0}},"tang":5,"giaPhong":200000.0,"trangThai":"trong","sucChua":2},{"maP":"505","Khach_hang":{"Hoa_don":{"giaTien":0.0}},"tang":5,"giaPhong":300000.0,"trangThai":"trong","sucChua":3},{"maP":"506","Khach_hang":{"Hoa_don":{"giaTien":0.0}},"tang":5,"giaPhong":400000.0,"trangThai":"trong","sucChua":4},{"maP":"507","Khach_hang":{"Hoa_don":{"giaTien":0.0}},"tang":5,"giaPhong":200000.0,"trangThai":"trong","sucChua":2},{"maP":"508","Khach_hang":{"Hoa_don":{"giaTien":0.0}},"tang":5,"giaPhong":300000.0,"trangThai":"trong","sucChua":3},{"maP":"509","Khach_hang":{"Hoa_don":{"giaTien":0.0}},"tang":5,"giaPhong":400000.0,"trangThai":"trong","sucChua":4},{"maP":"510","Khach_hang":{"Hoa_don":{"giaTien":0.0}},"tang":5,"giaPhong":200000.0,"trangThai":"trong","sucChua":2}]